<?xml version="1.0" encoding="UTF-8"?>
<project-private xmlns="http://www.netbeans.org/ns/project-private/1">
    <editor-bookmarks xmlns="http://www.netbeans.org/ns/editor-bookmarks/2" lastBookmarkId="0"/>
    <open-files xmlns="http://www.netbeans.org/ns/projectui-open-files/2">
        <group>
            <file>file:/C:/Users/54266/Documents/NetBeansProjects/universidad_grupo3/src/universidad_grupo3/accesoAdatos/AlumnoData.java</file>
            <file>file:/C:/Users/54266/Documents/NetBeansProjects/universidad_grupo3/src/universidad_grupo3/vistas/GestiondeMaterias.java</file>
            <file>file:/C:/Users/54266/Documents/NetBeansProjects/universidad_grupo3/src/universidad_grupo3/vistas/Menu.java</file>
            <file>file:/C:/Users/54266/Documents/NetBeansProjects/universidad_grupo3/src/universidad_grupo3/vistas/ActualizaciondeNotas.java</file>
            <file>file:/C:/Users/54266/Documents/NetBeansProjects/universidad_grupo3/src/universidad_grupo3/accesoAdatos/MateriaData.java</file>
            <file>file:/C:/Users/54266/Documents/NetBeansProjects/universidad_grupo3/src/universidad_grupo3/accesoAdatos/InscripcionData.java</file>
            <file>file:/C:/Users/54266/Documents/NetBeansProjects/universidad_grupo3/src/universidad_grupo3/Universidad_Grupo3.java</file>
            <file>file:/C:/Users/54266/Documents/NetBeansProjects/universidad_grupo3/src/universidad_grupo3/vistas/GestiondeAlumnos.java</file>
            <file>file:/C:/Users/54266/Documents/NetBeansProjects/universidad_grupo3/src/universidad_grupo3/vistas/ConsultaalumnoMateria.java</file>
            <file>file:/C:/Users/54266/Documents/NetBeansProjects/universidad_grupo3/src/universidad_grupo3/vistas/Inscripciones.java</file>
        </group>
    </open-files>
</project-private>
